交易日期,沪深20指数
2010/3/31,100
2010/4/1,102.1480489
2010/4/2,101.9637454
2010/4/6,101.7214547
2010/4/7,103.2224631
2010/4/8,103.8946401
2010/4/9,105.6388688
2010/4/12,107.3320285
2010/4/13,106.9137994
2010/4/14,107.406626
2010/4/15,105.4666154
2010/4/16,104.9729089
2010/4/19,102.5101225
2010/4/20,105.9262149
2010/4/21,109.5592502
2010/4/22,110.3612318
2010/4/23,109.959175
2010/4/26,112.6109868
2010/4/27,110.7411704
2010/4/28,110.2995384
2010/4/29,105.9763177
2010/4/30,103.7519338
2010/5/4,104.4407206
2010/5/5,106.8678212
2010/5/6,103.6183735
2010/5/7,101.2451424
2010/5/10,98.22003185
2010/5/11,96.00407709
2010/5/12,93.12398302
2010/5/13,96.97820706
2010/5/14,99.0106233
2010/5/17,94.22391876
2010/5/18,95.17284893
2010/5/19,95.43487766
2010/5/20,93.8564537
2010/5/21,95.73502743
2010/5/24,99.44967627
2010/5/25,98.62565617
2010/5/26,98.49583474
2010/5/27,100.5500071
2010/5/28,101.4812769
2010/5/31,99.74666374
2010/6/1,98.16206518
2010/6/2,98.64611352
2010/6/3,99.18716299
2010/6/4,100.4235463
2010/6/7,101.5895506
2010/6/8,101.2610611
2010/6/9,103.1440732
2010/6/10,103.3615149
2010/6/11,102.8474448
2010/6/17,99.90612354
2010/6/18,94.14326355
2010/6/21,95.62868478
2010/6/22,96.14541168
2010/6/23,96.96667425
2010/6/24,96.67968118
2010/6/25,94.2191685
2010/6/28,93.06881831
2010/6/29,87.96721804
2010/6/30,88.27824689
2010/7/1,85.08739379
2010/7/2,82.62282849
2010/7/5,82.06609435
2010/7/6,84.59935075
2010/7/7,85.97808997
2010/7/8,85.51029221
2010/7/9,87.82670288
2010/7/12,88.28158194
2010/7/13,86.87239818
2010/7/14,87.13740762
2010/7/15,85.7712959
2010/7/16,85.6523885
2010/7/19,87.50076363
2010/7/20,90.48148985
2010/7/21,91.39132376
2010/7/22,92.43655538
2010/7/23,93.26492373
2010/7/26,94.73927144
2010/7/27,94.56430694
2010/7/28,96.79474231
2010/7/29,96.78618625
2010/7/30,96.66488012
2010/8/2,98.58699144
2010/8/3,97.23090677
2010/8/4,97.65447993
2010/8/5,98.39082384
2010/8/6,100.3902746
2010/8/9,102.4303405
2010/8/10,99.6804797
2010/8/11,100.6819158
2010/8/12,99.87869123
2010/8/13,102.1314241
2010/8/16,104.3296717
2010/8/17,104.2958992
2010/8/18,104.548944
2010/8/19,103.4331271
2010/8/20,99.91105753
2010/8/23,100.3097558
2010/8/24,101.6317581
2010/8/25,99.86337161
2010/8/26,100.8433689
2010/8/27,102.4776864
2010/8/30,106.122628
2010/8/31,106.7396658
2010/9/1,105.8492052
2010/9/2,107.7205836
2010/9/3,108.1175411
2010/9/6,108.5448196
2010/9/7,108.6753486
2010/9/8,109.9048437
2010/9/9,110.5495933
2010/9/10,113.6228451
2010/9/13,115.0909663
2010/9/14,116.1756532
2010/9/15,114.3881348
2010/9/16,111.4374446
2010/9/17,112.5200739
2010/9/20,109.7886034
2010/9/21,109.2461038
2010/9/27,112.4619373
2010/9/28,111.7399946
2010/9/29,109.6664042
2010/9/30,111.2329203
2010/10/8,113.4348714
2010/10/11,112.2529033
2010/10/12,111.5174238
2010/10/13,110.7816814
2010/10/14,106.8553199
2010/10/15,105.5901095
2010/10/18,103.6522752
2010/10/19,108.2882549
2010/10/20,110.416019
2010/10/21,112.1036792
2010/10/22,113.0197239
2010/10/25,116.8803488
2010/10/26,118.643281
2010/10/27,118.6313787
2010/10/28,118.5323213
2010/10/29,119.8495352
2010/11/1,122.8380355
2010/11/2,121.0608861
2010/11/3,119.1130494
2010/11/4,122.4632688
2010/11/5,126.0218102
2010/11/8,130.9989463
2010/11/9,134.5113868
2010/11/10,134.7538593
2010/11/11,134.7648667
2010/11/12,127.9647699
2010/11/15,133.0182429
2010/11/16,128.5742075
2010/11/17,122.5550223
2010/11/18,124.8645903
2010/11/19,130.0722089
2010/11/22,133.725887
2010/11/23,132.4360646
2010/11/24,136.9911339
2010/11/25,136.7864141
2010/11/26,135.7271534
2010/11/29,137.8298544
2010/11/30,134.5514015
2010/12/1,132.6436069
2010/12/2,132.3638081
2010/12/3,131.0683256
2010/12/6,127.972504
2010/12/7,130.5591705
2010/12/8,129.9409911
2010/12/9,127.8663246
2010/12/10,129.7124138
2010/12/13,133.17545
2010/12/14,134.3370868
2010/12/15,135.1006637
2010/12/16,134.6783673
2010/12/17,133.9331373
2010/12/20,132.6136814
2010/12/21,132.9908193
2010/12/22,131.61041
2010/12/23,128.3687684
2010/12/24,126.8397143
2010/12/27,122.6687069
2010/12/28,122.0683461
2010/12/29,124.3666918
2010/12/30,125.9615973
2010/12/31,128.8088214
2011/1/4,129.8604514
2011/1/5,129.8900147
2011/1/6,128.2893059
2011/1/7,128.4532497
2011/1/10,123.5483943
2011/1/11,121.9099131
2011/1/12,122.2054148
2011/1/13,123.2386408
2011/1/14,121.2860576
2011/1/17,115.1289249
2011/1/18,115.4524812
2011/1/19,117.6697132
2011/1/20,113.2511116
2011/1/21,112.7510726
2011/1/24,108.5591152
2011/1/25,108.3502454
2011/1/26,110.2444956
2011/1/27,112.0765145
2011/1/28,113.8174803
2011/1/31,115.3861032
2011/2/1,116.1479684
2011/2/9,115.0692052
2011/2/10,119.2919973
2011/2/11,120.1509133
2011/2/14,122.3957603
2011/2/15,122.4459635
2011/2/16,123.6477694
2011/2/17,123.9055942
2011/2/18,122.8956329
2011/2/21,125.1418264
2011/2/22,121.7968163
2011/2/23,123.0239898
2011/2/24,123.8951248
2011/2/25,124.397883
2011/2/28,125.2582623
2011/3/1,125.1342552
2011/3/2,124.3031012
2011/3/3,121.6013156
2011/3/4,122.1301524
2011/3/7,122.6375974
2011/3/8,123.2687449
2011/3/9,124.0616722
2011/3/10,124.8559643
2011/3/11,123.9508827
2011/3/14,126.3612143
2011/3/15,126.1822974
2011/3/16,126.6247628
2011/3/17,124.280524
2011/3/18,124.2798135
2011/3/21,122.322619
2011/3/22,121.5806809
2011/3/23,123.3538286
2011/3/24,123.7897689
2011/3/25,124.8244537
2011/3/28,122.3372454
2011/3/29,119.577322
2011/3/30,119.5963252
2011/3/31,118.0895798
2011/4/1,119.3138938
2011/4/6,117.9739267
2011/4/7,118.72583
2011/4/8,121.1793087
2011/4/11,120.6413093
2011/4/12,121.5933584
2011/4/13,123.3337354
2011/4/14,122.7798789
2011/4/15,121.8310725
2011/4/18,122.9145878
2011/4/19,122.8316878
2011/4/20,125.52993
2011/4/21,127.0150566
2011/4/22,126.5471727
2011/4/25,124.4758211
2011/4/26,121.7172431
2011/4/27,121.022951
2011/4/28,116.8068542
2011/4/29,118.7864327
2011/5/3,121.5427365
2011/5/4,121.1230421
2011/5/5,122.7618092
2011/5/6,125.6436512
2011/5/9,126.7979819
2011/5/10,127.0204164
2011/5/11,127.4009373
2011/5/12,126.6064639
2011/5/13,126.8386876
2011/5/16,126.2711991
2011/5/17,124.5885447
2011/5/18,127.0129424
2011/5/19,127.3767898
2011/5/20,126.8116157
2011/5/23,121.86419
2011/5/24,121.1433846
2011/5/25,120.4428064
2011/5/26,118.2926861
2011/5/27,113.9803603
2011/5/30,112.8885891
2011/5/31,115.9160669
2011/6/1,117.4911526
2011/6/2,116.2189791
2011/6/3,118.9627972
2011/6/7,120.4727181
2011/6/8,120.1571763
2011/6/9,117.47695
2011/6/10,117.4231357
2011/6/13,116.4927493
2011/6/14,117.6100502
2011/6/15,116.2879773
2011/6/16,113.0579715
2011/6/17,111.6938002
2011/6/20,110.6695477
2011/6/21,111.9468178
2011/6/22,111.6967085
2011/6/23,113.6118472
2011/6/24,116.711253
2011/6/27,117.7211267
2011/6/28,118.6660431
2011/6/29,118.1499315
2011/6/30,119.4285406
2011/7/1,119.3149899
2011/7/4,121.1432628
2011/7/5,121.9190208
2011/7/6,122.2156533
2011/7/7,122.6374112
2011/7/8,122.972367
2011/7/11,124.3849474
2011/7/12,122.3774587
2011/7/13,124.3926776
2011/7/14,125.8080137
2011/7/15,127.8654073
2011/7/18,129.1252693
2011/7/19,127.6404142
2011/7/20,127.6595969
2011/7/21,125.8126851
2011/7/22,126.3238159
2011/7/25,121.8076598
2011/7/26,122.5250423
2011/7/27,124.5405088
2011/7/28,124.9023618
2011/7/29,123.729385
2011/8/1,123.6370625
2011/8/2,122.3723944
2011/8/3,122.6030115
2011/8/4,122.8580749
2011/8/5,121.4317393
2011/8/8,118.9074186
2011/8/9,118.9266687
2011/8/10,120.6616173
2011/8/11,124.415113
2011/8/12,126.1945333
2011/8/15,126.7176726
2011/8/16,124.6359635
2011/8/17,123.8236277
2011/8/18,122.1164555
2011/8/19,122.3731953
2011/8/22,120.3359009
2011/8/23,122.1072802
2011/8/24,122.2149402
2011/8/25,124.0122773
2011/8/26,123.6466503
2011/8/29,123.0559056
2011/8/30,122.2009109
2011/8/31,121.3023674
2011/9/1,119.2688818
2011/9/2,117.6203496
2011/9/5,115.1249156
2011/9/6,113.3463746
2011/9/7,115.5610832
2011/9/8,115.2121931
2011/9/9,114.028618
2011/9/13,111.2657255
2011/9/14,112.4302296
2011/9/15,112.4023636
2011/9/16,112.1854113
2011/9/19,110.3041815
2011/9/20,111.0627999
2011/9/21,114.8299873
2011/9/22,111.5413393
2011/9/23,111.2906331
2011/9/26,109.2812499
2011/9/27,109.3747972
2011/9/28,107.7065515
2011/9/29,104.8130389
2011/9/30,104.7768654
2011/10/10,104.8214278
2011/10/11,104.5207737
2011/10/12,108.2445181
2011/10/13,108.9317978
2011/10/14,107.8719582
2011/10/17,107.9252667
2011/10/18,106.2783617
2011/10/19,104.4368996
2011/10/20,102.1318295
2011/10/21,100.775524
2011/10/24,103.8341841
2011/10/25,106.5042042
2011/10/26,107.7143084
2011/10/27,108.3397774
2011/10/28,110.1193294
2011/10/31,111.0770076
2011/11/1,111.2500119
2011/11/2,116.3084006
2011/11/3,118.9278516
2011/11/4,119.6010981
2011/11/7,119.1079231
2011/11/8,116.3523772
2011/11/9,119.410149
2011/11/10,118.4152578
2011/11/11,117.9295879
2011/11/14,121.4199047
2011/11/15,121.5572631
2011/11/16,118.6494114
2011/11/17,119.1892328
2011/11/18,116.1928172
2011/11/21,115.9280219
2011/11/22,115.0163369
2011/11/23,114.9152337
2011/11/24,116.0973032
2011/11/25,114.9522481
2011/11/28,114.8556236
2011/11/29,116.4053121
2011/11/30,113.1213725
2011/12/1,115.4219163
2011/12/2,113.5236172
2011/12/5,109.9601621
2011/12/6,110.4880896
2011/12/7,110.8813758
2011/12/8,109.8562914
2011/12/9,108.7667609
2011/12/12,107.2670349
2011/12/13,104.376149
2011/12/14,103.0061052
2011/12/15,100.6395122
2011/12/16,102.8875445
2011/12/19,102.6373209
2011/12/20,102.4551465
2011/12/21,100.259703
2011/12/22,98.98047314
2011/12/23,98.97171582
2011/12/26,97.74407735
2011/12/27,94.71096794
2011/12/28,94.09033878
2011/12/29,94.53150617
2011/12/30,95.43986366
2012/1/4,92.50709964
2012/1/5,89.19320272
2012/1/6,88.8980824
2012/1/9,91.42716572
2012/1/10,94.74744609
2012/1/11,95.86462633
2012/1/12,93.9879223
2012/1/13,90.08867514
2012/1/16,86.50829649
2012/1/17,90.11372768
2012/1/18,86.50535853
2012/1/19,86.92019169
2012/1/20,89.07155318
2012/1/30,88.74237273
2012/1/31,88.6996091
2012/2/1,88.99603926
2012/2/2,90.43188103
2012/2/3,92.56140153
2012/2/6,93.92014142
2012/2/7,92.0342227
2012/2/8,93.94511286
2012/2/9,95.04262139
2012/2/10,95.52077688
2012/2/13,96.85156608
2012/2/14,96.74678771
2012/2/15,98.3375159
2012/2/16,98.46123434
2012/2/17,98.11859095
2012/2/20,97.86007833
2012/2/21,99.15753523
2012/2/22,101.3144798
2012/2/23,101.7922357
2012/2/24,102.7165096
2012/2/27,103.4429418
2012/2/28,102.4936717
2012/2/29,101.3516672
2012/3/1,101.4053006
2012/3/2,102.7254919
2012/3/5,102.6203084
2012/3/6,100.4504253
2012/3/7,99.80670774
2012/3/8,101.1783836
2012/3/9,102.5269777
2012/3/12,104.2420148
2012/3/13,105.0276568
2012/3/14,101.1606765
2012/3/15,101.3263705
2012/3/16,103.87647
2012/3/19,104.81332
2012/3/20,102.7759647
2012/3/21,101.7001862
2012/3/22,101.1490007
2012/3/23,99.19934994
2012/3/26,99.32989483
2012/3/27,98.96710702
2012/3/28,95.48604288
2012/3/29,94.81835979
2012/3/30,94.71834331
2012/4/5,97.01296487
2012/4/6,97.42174933
2012/4/9,96.08496359
2012/4/10,97.65728111
2012/4/11,97.55143451
2012/4/12,99.09073036
2012/4/13,99.53799279
2012/4/16,98.74943655
2012/4/17,97.32508439
2012/4/18,98.67216846
2012/4/19,99.3944326
2012/4/20,99.52818071
2012/4/23,98.05839387
2012/4/24,97.32157464
2012/4/25,97.92646493
2012/4/26,97.86262401
2012/4/27,97.92727828
2012/5/2,100.117155
2012/5/3,102.4929357
2012/5/4,103.8319545
2012/5/7,106.2100001
2012/5/8,105.8839363
2012/5/9,105.1855017
2012/5/10,106.4563989
2012/5/11,105.8542226
2012/5/14,107.5613992
2012/5/15,106.0482557
2012/5/16,105.0536795
2012/5/17,105.1207201
2012/5/18,103.9376706
2012/5/21,104.6476814
2012/5/22,106.04651
2012/5/23,107.6166275
2012/5/24,106.489637
2012/5/25,104.4402247
2012/5/28,105.0810446
2012/5/29,106.040315
2012/5/30,106.2817368
2012/5/31,107.0179474
2012/6/1,107.0338404
2012/6/4,105.0999332
2012/6/5,105.9623125
2012/6/6,105.1700654
2012/6/7,104.4692842
2012/6/8,103.4604353
2012/6/11,105.6399819
2012/6/12,105.9019919
2012/6/13,108.3477305
2012/6/14,107.5328614
2012/6/15,108.3568144
2012/6/18,110.2766
2012/6/19,110.68159
2012/6/20,109.0710918
2012/6/21,108.252467
2012/6/25,105.9427468
2012/6/26,106.0114798
2012/6/27,106.1591312
2012/6/28,106.5560191
2012/6/29,108.3337738
2012/7/2,110.5368718
2012/7/3,109.8428532
2012/7/4,109.4146434
2012/7/5,108.5969646
2012/7/6,110.9158609
2012/7/9,109.8494616
2012/7/10,108.0453776
2012/7/11,111.2229027
2012/7/12,112.7453118
2012/7/13,113.7213924
2012/7/16,109.2785927
2012/7/17,109.1945999
2012/7/18,108.4982523
2012/7/19,109.3930765
2012/7/20,108.6254831
2012/7/23,108.3390126
2012/7/24,109.0997339
2012/7/25,108.5856586
2012/7/26,108.4267601
2012/7/27,106.5624164
2012/7/30,104.1626348
2012/7/31,105.2229933
2012/8/1,107.1589402
2012/8/2,108.4334773
2012/8/3,110.0851356
2012/8/6,112.9029709
2012/8/7,112.4849564
2012/8/8,111.3956847
2012/8/9,113.77377
2012/8/10,112.7544895
2012/8/13,111.1193599
2012/8/14,112.4190983
2012/8/15,111.2472353
2012/8/16,109.9967253
2012/8/17,109.3469476
2012/8/20,109.5366265
2012/8/21,111.9759204
2012/8/22,111.8371079
2012/8/23,111.9566728
2012/8/24,110.1294426
2012/8/27,108.2459857
2012/8/28,107.915012
2012/8/29,107.7241868
2012/8/30,104.2509211
2012/8/31,104.4809366
2012/9/3,106.7520679
2012/9/4,105.3861698
2012/9/5,106.0964347
2012/9/6,106.8626169
2012/9/7,110.1124697
2012/9/10,110.3442405
2012/9/11,110.3928124
2012/9/12,110.741155
2012/9/13,109.0325755
2012/9/14,108.2713347
2012/9/17,104.9130555
2012/9/18,104.9034862
2012/9/19,106.0839932
2012/9/20,102.3986952
2012/9/21,101.4049945
2012/9/24,102.2146473
2012/9/25,101.9153079
2012/9/26,99.03211065
2012/9/27,100.9880688
2012/9/28,102.6372157
2012/10/8,102.4152022
2012/10/9,105.2853091
2012/10/10,106.0203472
2012/10/11,105.9115338
2012/10/12,105.197014
2012/10/15,106.4928093
2012/10/16,108.0917387
2012/10/17,108.6082259
2012/10/18,109.6590256
2012/10/19,109.4767904
2012/10/22,109.2150178
2012/10/23,107.371187
2012/10/24,106.0304857
2012/10/25,105.4628075
2012/10/26,104.2365825
2012/10/29,105.2311689
2012/10/30,105.0280252
2012/10/31,105.5692606
2012/11/1,107.2077815
2012/11/2,107.2260235
2012/11/5,106.3817531
2012/11/6,105.7174794
2012/11/7,105.190777
2012/11/8,103.2058325
2012/11/9,102.7946078
2012/11/12,101.9609619
2012/11/13,100.3732165
2012/11/14,100.9519609
2012/11/15,100.2042151
2012/11/16,99.68290407
2012/11/19,99.31435324
2012/11/20,98.50860219
2012/11/21,98.73323025
2012/11/22,97.46406855
2012/11/23,97.70457288
2012/11/26,96.87350758
2012/11/27,93.78555218
2012/11/28,92.24986747
2012/11/29,91.93324609
2012/11/30,93.17661527
2012/12/3,91.3260813
2012/12/4,92.14459562
2012/12/5,95.2791129
2012/12/6,94.87035623
2012/12/7,96.33211506
2012/12/10,97.03248803
2012/12/11,96.73594561
2012/12/12,96.05004118
2012/12/13,94.86075639
2012/12/14,97.95227315
2012/12/17,97.32898562
2012/12/18,96.89218241
2012/12/19,97.62092377
2012/12/20,97.021899
2012/12/21,98.19281412
2012/12/24,99.89041744
2012/12/25,101.9306866
2012/12/26,103.2092911
2012/12/27,102.3059593
2012/12/28,103.4117635
2012/12/31,104.3417627
2013/1/4,101.966973
2013/1/7,103.6161744
2013/1/8,106.7205316
2013/1/9,107.3165465
2013/1/10,107.6340661
2013/1/11,106.2120835
2013/1/14,109.6301405
2013/1/15,112.4856458
2013/1/16,113.7774463
2013/1/17,112.9549072
2013/1/18,114.6794265
2013/1/21,115.2623591
2013/1/22,114.0264162
2013/1/23,115.3490996
2013/1/24,113.9035321
2013/1/25,116.1077215
2013/1/28,119.6369705
2013/1/29,119.477091
2013/1/30,118.2164483
2013/1/31,117.2607239
2013/2/1,117.2508298
2013/2/4,115.0961702
2013/2/5,118.2140037
2013/2/6,122.2018312
2013/2/7,122.5453468
2013/2/8,124.8892938
2013/2/18,125.0923963
2013/2/19,125.2005153
2013/2/20,128.7814478
2013/2/21,125.9147484
2013/2/22,124.9309095
2013/2/25,127.020443
2013/2/26,126.1031753
2013/2/27,124.5624039
2013/2/28,126.7232834
2013/3/1,129.4835231
2013/3/4,126.9186422
2013/3/5,131.4895069
2013/3/6,134.1952331
2013/3/7,131.1005949
2013/3/8,128.9443835
2013/3/11,130.9833729
2013/3/12,126.1689837
2013/3/13,123.8656664
2013/3/14,125.5589747
2013/3/15,127.2337894
2013/3/18,125.2270945
2013/3/19,124.8041169
2013/3/20,128.1395674
2013/3/21,130.767269
2013/3/22,131.55632
2013/3/25,131.3775484
2013/3/26,131.3615189
2013/3/27,132.807443
2013/3/28,130.7746439
2013/3/29,130.5725959
2013/4/1,132.3827729
2013/4/2,129.5709788
2013/4/3,128.6978903
2013/4/8,129.2267275
2013/4/9,129.2205919
2013/4/10,127.4471952
2013/4/11,126.9905036
2013/4/12,125.6755191
2013/4/15,124.6998231
2013/4/16,125.409401
2013/4/17,127.6627905
2013/4/18,126.6128406
2013/4/19,128.9716582
2013/4/22,130.6264556
2013/4/23,128.6341003
2013/4/24,132.5108539
2013/4/25,132.0161031
2013/4/26,129.5013821
2013/5/2,130.6590209
2013/5/3,133.3870008
2013/5/6,135.6915441
2013/5/7,135.6971046
2013/5/8,138.3296609
2013/5/9,139.8483972
2013/5/10,141.075119
2013/5/13,141.4102005
2013/5/14,139.494511
2013/5/15,141.9128181
2013/5/16,142.747307
2013/5/17,144.9503251
2013/5/20,145.7002643
2013/5/21,147.3173771
2013/5/22,145.6049016
2013/5/23,145.8152279
2013/5/24,148.0797148
2013/5/27,149.6704707
2013/5/28,148.5929277
2013/5/29,148.8855561
2013/5/30,149.6137694
2013/5/31,148.7348801
2013/6/3,148.084583
2013/6/4,144.9969038
2013/6/5,145.1417096
2013/6/6,142.8555914
2013/6/7,141.1401443
2013/6/13,138.0445003
2013/6/14,141.7903891
2013/6/17,144.7066148
2013/6/18,145.795882
2013/6/19,144.7698227
2013/6/20,139.2807433
2013/6/21,139.7893782
2013/6/24,132.9721807
2013/6/25,131.975679
2013/6/26,137.0571363
2013/6/27,135.5382669
2013/6/28,135.1090038
2013/7/1,140.4586041
2013/7/2,144.821001
2013/7/3,146.0670275
2013/7/4,145.002025
2013/7/5,142.2739911
2013/7/8,137.2547949
2013/7/9,139.0177505
2013/7/10,141.9261717
2013/7/11,144.8757519
2013/7/12,145.2709123
2013/7/15,150.3651217
2013/7/16,152.8533678
2013/7/17,150.2335183
2013/7/18,150.9926976
2013/7/19,151.6695399
2013/7/22,155.3669442
2013/7/23,158.6643979
2013/7/24,160.7308761
2013/7/25,156.0159528
2013/7/26,156.2609871
2013/7/29,154.9845295
2013/7/30,153.0441097
2013/7/31,153.2520723
2013/8/1,160.1129191
2013/8/2,161.3883099
2013/8/5,164.6214365
2013/8/6,166.7184282
2013/8/7,164.4592083
2013/8/8,166.7707432
2013/8/9,166.7868115
2013/8/12,166.6527561
2013/8/13,167.1052651
2013/8/14,168.3830144
2013/8/15,164.6658093
2013/8/16,162.0862652
2013/8/19,167.1489167
2013/8/20,166.8033058
2013/8/21,167.5462131
2013/8/22,167.9311842
2013/8/23,167.4100864
2013/8/26,169.7368571
2013/8/27,171.7596558
2013/8/28,166.8572379
2013/8/29,165.482658
2013/8/30,160.258111
2013/9/2,162.5869787
2013/9/3,166.0645842
2013/9/4,164.5309363
2013/9/5,164.5417454
2013/9/6,164.6150939
2013/9/9,163.6225006
2013/9/10,161.5661881
2013/9/11,159.3400174
2013/9/12,159.0472666
2013/9/13,161.2689844
2013/9/16,163.2089216
2013/9/17,161.992558
2013/9/18,163.8710662
2013/9/23,166.5059033
2013/9/24,167.0245133
2013/9/25,165.9514616
2013/9/26,164.0907968
2013/9/27,165.0677423
2013/9/30,166.691944
2013/10/8,168.7910595
2013/10/9,169.2762357
2013/10/10,169.5984273
2013/10/11,170.4459998
2013/10/14,171.4464178
2013/10/15,172.3689868
2013/10/16,167.0141729
2013/10/17,166.3644256
2013/10/18,166.9506325
2013/10/21,172.3839114
2013/10/22,169.6131847
2013/10/23,165.0195275
2013/10/24,165.2027432
2013/10/25,158.9389988
2013/10/28,157.3944492
2013/10/29,155.9242037
2013/10/30,157.5195671
2013/10/31,156.3876501
2013/11/1,155.960737
2013/11/4,155.2856417
2013/11/5,156.8110656
2013/11/6,155.8142941
2013/11/7,152.6112264
2013/11/8,150.7415092
2013/11/11,152.32241
2013/11/12,152.7306192
2013/11/13,151.6737974
2013/11/14,152.2708115
2013/11/15,154.8470269
2013/11/18,156.1119126
2013/11/19,157.2009382
2013/11/20,158.392709
2013/11/21,158.6807784
2013/11/22,159.6190639
2013/11/25,159.0936846
2013/11/26,158.6245568
2013/11/27,160.6568205
2013/11/28,162.2207051
2013/11/29,163.4620771
2013/12/2,155.1595244
2013/12/3,158.8856643
2013/12/4,160.4759317
2013/12/5,159.5023093
2013/12/6,158.2068264
2013/12/9,159.1024384
2013/12/10,158.6587052
2013/12/11,157.6969206
2013/12/12,160.8751862
2013/12/13,161.700993
2013/12/16,159.4913099
2013/12/17,158.7509683
2013/12/18,158.7593962
2013/12/19,158.604513
2013/12/20,157.4430455
2013/12/23,160.8486222
2013/12/24,161.6240041
2013/12/25,162.487432
2013/12/26,161.9930969
2013/12/27,163.6289371
2013/12/30,164.707617
2013/12/31,165.7434031
2014/1/2,169.0306738
2014/1/3,169.2345795
2014/1/6,165.2790822
2014/1/7,166.6819949
2014/1/8,169.8294297
2014/1/9,168.7244826
2014/1/10,166.4488686
2014/1/13,166.785487
2014/1/14,168.0068728
2014/1/15,170.4875141
2014/1/16,169.5846319
2014/1/17,167.3482478
2014/1/20,163.147644
2014/1/21,165.3931475
2014/1/22,168.2466467
2014/1/23,171.7879551
2014/1/24,175.725792
2014/1/27,179.2076413
2014/1/28,178.8465026
2014/1/29,181.1873276
2014/1/30,180.9551044
2014/2/7,181.7054113
2014/2/10,187.1607523
2014/2/11,185.3852248
2014/2/12,188.1209391
2014/2/13,184.2552996
2014/2/14,188.0333251
2014/2/17,191.0938054
2014/2/18,191.8608348
2014/2/19,192.2298037
2014/2/20,189.6553842
2014/2/21,192.4196817
2014/2/24,196.2250608
2014/2/25,188.7619114
2014/2/26,191.7014649
2014/2/27,189.0085494
2014/2/28,191.2532177
2014/3/3,194.4231721
2014/3/4,193.0416094
2014/3/5,190.7920503
2014/3/6,187.4854189
2014/3/7,188.4920054
2014/3/10,183.8907608
2014/3/11,182.746586
2014/3/12,184.8322604
2014/3/13,189.5534586
2014/3/14,188.2467943
2014/3/17,189.4002063
2014/3/18,190.7930521
2014/3/19,188.8943378
2014/3/20,182.7868585
2014/3/21,183.6975169
2014/3/24,180.6924468
2014/3/25,180.8906663
2014/3/26,182.6709213
2014/3/27,179.2897831
2014/3/28,172.2051586
2014/3/31,172.5345892
2014/4/1,176.6749077
2014/4/2,173.2774291
2014/4/3,173.1264456
2014/4/4,175.5007865
2014/4/8,179.2052581
2014/4/9,180.5441342
2014/4/10,180.5686787
2014/4/11,180.0215554
2014/4/14,181.7712954
2014/4/15,181.2268507
2014/4/16,181.3297928
2014/4/17,180.4972725
2014/4/18,181.0380661
2014/4/21,178.2151529
2014/4/22,176.2800191
2014/4/23,174.5105003
2014/4/24,171.788632
2014/4/25,169.8650936
2014/4/28,163.5513196
2014/4/29,165.7923566
2014/4/30,167.5957637
2014/5/5,171.1742513
2014/5/6,171.8191052
2014/5/7,167.5938217
2014/5/8,167.0278924
2014/5/9,166.0617994
2014/5/12,169.2766466
2014/5/13,169.2330158
2014/5/14,170.5694914
2014/5/15,165.7901136
2014/5/16,164.0463415
2014/5/19,162.8125216
2014/5/20,165.6848492
2014/5/21,167.5209977
2014/5/22,167.3227555
2014/5/23,170.8905455
2014/5/26,173.1936105
2014/5/27,171.5125363
2014/5/28,175.9417748
2014/5/29,176.3371341
2014/5/30,175.9914348
2014/6/3,175.6149129
2014/6/4,173.0393213
2014/6/5,176.1799825
2014/6/6,175.6559761
2014/6/9,173.9862119
2014/6/10,178.7099195
2014/6/11,180.6979534
2014/6/12,181.7175999
2014/6/13,183.1109407
2014/6/16,185.2367623
2014/6/17,186.8359609
2014/6/18,185.3389212
2014/6/19,180.6152381
2014/6/20,183.8191167
2014/6/23,186.0977727
2014/6/24,187.396634
2014/6/25,184.225685
2014/6/26,187.6970976
2014/6/27,188.8016401
2014/6/30,189.3150327
2014/7/1,190.8569391
2014/7/2,190.8821047
2014/7/3,193.8052662
2014/7/4,195.0317304
2014/7/7,193.3295417
2014/7/8,194.6606579
2014/7/9,190.453578
2014/7/10,189.0853932
2014/7/11,188.5128116
2014/7/14,190.715387
2014/7/15,189.2612628
2014/7/16,186.7372245
2014/7/17,186.4374096
2014/7/18,185.9464066
2014/7/21,183.9599503
2014/7/22,187.3730722
2014/7/23,186.06945
2014/7/24,183.3648636
2014/7/25,185.4405207
2014/7/28,188.8978862
2014/7/29,190.6883116
2014/7/30,191.9230784
2014/7/31,190.9543392
2014/8/1,189.4589759
2014/8/4,190.5673326
2014/8/5,191.5036031
2014/8/6,205.1222573
2014/8/7,203.2439679
2014/8/8,206.1040389
2014/8/11,209.4871844
2014/8/12,208.1062077
2014/8/13,206.5941281
2014/8/14,205.7311715
2014/8/15,207.4247328
2014/8/18,212.2210125
2014/8/19,212.3530762
2014/8/20,211.0094206
2014/8/21,211.4547123
2014/8/22,214.0147502
2014/8/25,212.7873194
2014/8/26,210.0955397
2014/8/27,210.2482423
2014/8/28,207.3607321
2014/8/29,209.2612231
2014/9/1,213.9467863
2014/9/2,217.4074489
2014/9/3,217.9820871
2014/9/4,218.4146739
2014/9/5,219.5546077
2014/9/9,219.4561295
2014/9/10,219.7366946
2014/9/11,221.2227885
2014/9/12,225.7900422
2014/9/15,231.8558779
2014/9/16,226.0721944
2014/9/17,226.759909
2014/9/18,232.694033
2014/9/19,234.6782965
2014/9/22,233.7341787
2014/9/23,234.7890517
2014/9/24,234.5791664
2014/9/25,235.8806935
2014/9/26,238.6200784
2014/9/29,242.2519184
2014/9/30,246.5257851
2014/10/8,249.3104225
2014/10/9,246.2130573
2014/10/10,248.0637047
2014/10/13,245.7216335
2014/10/14,244.743764
2014/10/15,246.6867973
2014/10/16,242.8643736
2014/10/17,240.4449733
2014/10/20,244.9211397
2014/10/21,242.5538193
2014/10/22,238.2168204
2014/10/23,235.7882371
2014/10/24,238.7694162
2014/10/27,240.8515054
2014/10/28,246.0751856
2014/10/29,248.7525505
2014/10/30,247.6358029
2014/10/31,247.119684
2014/11/3,249.9380376
2014/11/4,247.9527638
2014/11/5,249.0062293
2014/11/6,252.6069249
2014/11/7,251.0592149
2014/11/10,249.8843617
2014/11/11,242.1330474
2014/11/12,243.608966
2014/11/13,237.9704105
2014/11/14,239.0043312
2014/11/17,241.84247
2014/11/18,244.1368827
2014/11/19,245.9250958
2014/11/20,243.4293389
2014/11/21,245.6932907
2014/11/24,245.8997109
2014/11/25,248.8798665
2014/11/26,249.7757567
2014/11/27,250.5224565
2014/11/28,252.2044619
2014/12/1,252.15492
2014/12/2,254.9411013
2014/12/3,254.1977627
2014/12/4,260.4475563
2014/12/5,253.9229887
2014/12/8,250.9746518
2014/12/9,239.4734614
2014/12/10,247.8860705
2014/12/11,250.7921529
2014/12/12,253.7318191
2014/12/15,262.0082893
2014/12/16,260.5303878
2014/12/17,258.3059596
2014/12/18,254.7336705
2014/12/19,250.0905502
2014/12/22,237.7623575
2014/12/23,232.0654374
2014/12/24,237.4505884
2014/12/25,241.5962998
2014/12/26,243.5202092
2014/12/29,237.5081135
2014/12/30,233.4181254
2014/12/31,235.3598738
2015/1/5,233.2788748
2015/1/6,242.4828825
2015/1/7,242.3096267
2015/1/8,242.8243254
2015/1/9,243.2879018
2015/1/12,245.4084464
2015/1/13,252.0568443
2015/1/14,251.1701185
2015/1/15,250.425515
2015/1/16,258.2552405
2015/1/19,255.4162071
2015/1/20,269.9684121
2015/1/21,274.5407005
2015/1/22,276.8500336
2015/1/23,271.8006558
2015/1/26,278.2845496
2015/1/27,281.1030686
2015/1/28,279.7730142
2015/1/29,279.1262677
2015/1/30,275.1531593
2015/2/2,274.1164188
2015/2/3,281.5625874
2015/2/4,279.6705649
2015/2/5,281.8311638
2015/2/6,274.2312453
2015/2/9,273.7854986
2015/2/10,278.5024786
2015/2/11,286.4339101
2015/2/12,286.2569204
2015/2/13,290.6536723
2015/2/16,300.5184062
2015/2/17,305.2242124
2015/2/25,299.9419802
2015/2/26,300.6769458
2015/2/27,303.5186913
2015/3/2,312.4185973
2015/3/3,309.4341263
2015/3/4,316.9913001
2015/3/5,320.6561689
2015/3/6,312.9250372
2015/3/9,318.4802927
2015/3/10,323.0620039
2015/3/11,323.2938582
2015/3/12,322.6910399
2015/3/13,331.2227195
2015/3/16,346.1645233
2015/3/17,347.9245754
2015/3/18,352.6166642
2015/3/19,355.1942157
2015/3/20,366.3190851
2015/3/23,383.1620507
2015/3/24,390.6001337
2015/3/25,389.0220392
2015/3/26,376.2040293
2015/3/27,382.3159137
2015/3/30,382.9076767
2015/3/31,386.365033
2015/4/1,398.184729
2015/4/2,406.8226429
2015/4/3,412.2319955
2015/4/7,421.1782133
2015/4/8,415.2724555
2015/4/9,417.0412531
2015/4/10,429.8381058
2015/4/13,441.097985
2015/4/14,435.4525037
2015/4/15,414.4467134
2015/4/16,418.1254448
2015/4/17,415.4597224
2015/4/20,402.0245096
2015/4/21,422.1803827
2015/4/22,434.6314289
2015/4/23,431.2762592
2015/4/24,431.5584395
2015/4/27,438.8224972
2015/4/28,427.4944912
2015/4/29,442.2336029
2015/4/30,451.1691532
2015/5/4,447.7870939
2015/5/5,435.3271755
2015/5/6,435.95701
2015/5/7,436.8976283
2015/5/8,460.0363842
2015/5/11,484.5897914
2015/5/12,495.0902903
2015/5/13,498.5330069
2015/5/14,487.438077
2015/5/15,491.4105403
2015/5/18,513.6995621
2015/5/19,525.3535856
2015/5/20,528.1671958
2015/5/21,547.9856238
2015/5/22,543.0003717
2015/5/25,548.6666951
2015/5/26,568.584563
2015/5/27,572.6386636
2015/5/28,536.1848546
2015/5/29,555.2961932
2015/6/1,586.5985912
2015/6/2,602.0786186
2015/6/3,602.8427662
2015/6/4,591.8035514
2015/6/5,590.2339024
2015/6/8,569.4416963
2015/6/9,565.4147529
2015/6/10,583.0379568
2015/6/11,594.3663793
2015/6/12,594.3281453
2015/6/15,566.313461
2015/6/16,540.0280885
2015/6/17,550.2498719
2015/6/18,522.0698213
2015/6/19,492.2113774
2015/6/23,504.3728347
2015/6/24,511.7858748
2015/6/25,487.5382995
2015/6/26,444.2782186
2015/6/29,417.0153719
2015/6/30,451.0903058
2015/7/1,432.0656486
2015/7/2,402.1371947
2015/7/3,377.1478374
2015/7/6,358.2551799
2015/7/7,324.0742249
2015/7/8,302.520599
2015/7/9,332.7730874
2015/7/10,365.8538185
2015/7/13,399.2035368
2015/7/14,414.9741478
2015/7/15,383.1747241
2015/7/16,391.6730908
2015/7/17,422.6926205
2015/7/20,438.7463649
2015/7/21,448.0736852
2015/7/22,453.2907139
2015/7/23,467.5413457
2015/7/24,455.9184797
2015/7/27,410.3346671
2015/7/28,390.4727264
2015/7/29,410.4759917
2015/7/30,390.3648239
2015/7/31,385.0907883
2015/8/3,365.2031058
2015/8/4,392.6820512
2015/8/5,385.0142123
2015/8/6,381.6963629
2015/8/7,402.9848612
2015/8/10,428.2945793
2015/8/11,427.8503725
2015/8/12,414.7476462
2015/8/13,427.5472062
2015/8/14,431.486809
2015/8/17,436.3010637
2015/8/18,397.2063204
2015/8/19,413.1026801
2015/8/20,397.5607195
2015/8/21,371.3753224
2015/8/24,334.2556612
2015/8/25,301.9345273
2015/8/26,290.7923168
2015/8/27,305.903428
2015/8/28,327.5561284
2015/8/31,308.9004878
2015/9/1,284.8635694
2015/9/2,280.683012
2015/9/7,285.0992493
2015/9/8,304.1830721
2015/9/9,316.8412368
2015/9/10,310.1355342
2015/9/11,312.7361116
2015/9/14,285.026027
2015/9/15,264.2709545
2015/9/16,289.0371526
2015/9/17,287.9565388
2015/9/18,297.2842528
2015/9/21,314.4218932
2015/9/22,314.6499046
2015/9/23,312.0076631
2015/9/24,318.1214365
2015/9/25,301.0652441
2015/9/28,313.1510877
2015/9/29,307.5419904
2015/9/30,307.1611346
2015/10/8,323.5731393
2015/10/9,329.2039343
2015/10/12,347.9170309
2015/10/13,354.5337828
2015/10/14,347.4172931
2015/10/15,363.2949146
2015/10/16,372.7846299
2015/10/19,372.4417512
2015/10/20,385.1647222
2015/10/21,361.1438064
2015/10/22,380.0737641
2015/10/23,391.9120712
2015/10/26,393.9215079
2015/10/27,395.3736011
2015/10/28,383.9753349
2015/10/29,387.8706879
2015/10/30,393.1965377
2015/11/2,386.8672637
2015/11/3,387.3288287
2015/11/4,412.3463622
2015/11/5,412.1850039
2015/11/6,426.8386981
2015/11/9,436.8019306
2015/11/10,433.9449927
2015/11/11,443.3992575
2015/11/12,441.4618148
2015/11/13,435.1628834
2015/11/16,444.3408216
2015/11/17,438.4834947
2015/11/18,428.4165856
2015/11/19,441.724026
2015/11/20,442.8712901
2015/11/23,439.0695207
2015/11/24,444.4746572
2015/11/25,456.6563084
2015/11/26,447.8492352
2015/11/27,422.0537957
2015/11/30,424.2288938
2015/12/1,423.1640935
2015/12/2,419.8879706
2015/12/3,435.1381733
2015/12/4,429.4240657
2015/12/7,441.2673118
2015/12/8,430.358792
2015/12/9,427.2035012
2015/12/10,430.8748988
2015/12/11,426.4637879
2015/12/14,430.3389287
2015/12/15,435.2426236
2015/12/16,434.6077923
2015/12/17,445.055873
2015/12/18,443.7534155
2015/12/21,447.4581381
2015/12/22,452.2339047
2015/12/23,445.2298061
2015/12/24,446.3774248
2015/12/25,448.922268
2015/12/28,442.1882506
2015/12/29,447.3086903
2015/12/30,454.0265333
2015/12/31,446.3750785
2016/1/4,408.2780475
2016/1/5,400.3365625
2016/1/6,405.8813196
2016/1/7,370.1466875
2016/1/8,374.4663537
2016/1/11,346.5107922
2016/1/12,345.696247
2016/1/13,329.455564
2016/1/14,342.2704169
2016/1/15,330.5086193
2016/1/18,335.2320831
2016/1/19,343.8522729
2016/1/20,336.3781246
2016/1/21,323.9601847
2016/1/22,328.4826661
2016/1/25,328.2914067
2016/1/26,304.8029706
2016/1/27,302.5592234
2016/1/28,290.4552442
2016/1/29,302.463582
2016/2/1,296.5148372
2016/2/2,308.6821737
2016/2/3,306.8686434
2016/2/4,312.9323042
2016/2/5,309.2924746
2016/2/15,308.7746142
2016/2/16,323.5039789
2016/2/17,327.7067215
2016/2/18,330.3172388
2016/2/19,332.2666047
2016/2/22,337.3988481
2016/2/23,335.0262387
2016/2/24,332.2598166
2016/2/25,310.4245753
2016/2/26,310.9578294
2016/2/29,292.6780982
2016/3/1,297.328549
2016/3/2,311.7988933
2016/3/3,311.5361662
2016/3/4,300.8050867
2016/3/7,308.5389755
2016/3/8,310.6787728
2016/3/9,304.9548842
2016/3/10,299.115942
2016/3/11,296.6470599
2016/3/14,311.4433283
2016/3/15,309.9636754
2016/3/16,310.8662721
2016/3/17,324.5659752
2016/3/18,337.5940968
2016/3/21,349.1492274
2016/3/22,351.4622264
2016/3/23,360.9713793
2016/3/24,358.4948378
2016/3/25,355.067593
2016/3/28,356.6506531
2016/3/29,352.5645999
2016/3/30,364.3431378
2016/3/31,364.1212331
2016/4/1,358.146666
2016/4/5,371.6747219
2016/4/6,368.5698016
2016/4/7,366.0444342
2016/4/8,362.1645699
2016/4/11,366.6759431
2016/4/12,360.632101
2016/4/13,366.1874794
2016/4/14,369.7224162
2016/4/15,369.0081695
2016/4/18,361.6513534
2016/4/19,363.0137404
2016/4/20,343.0491376
2016/4/21,333.4622645
2016/4/22,340.4513371
2016/4/25,336.7388553
2016/4/26,341.4315432
2016/4/27,339.1857165
2016/4/28,344.82649
2016/4/29,344.0224889
2016/5/3,355.9763347
2016/5/4,356.1477046
2016/5/5,357.5505406
2016/5/6,342.1415371
2016/5/9,330.7487521
2016/5/10,327.5817327
2016/5/11,328.4590391
2016/5/12,327.3019888
2016/5/13,324.2641047
2016/5/16,329.0412076
2016/5/17,330.5663987
2016/5/18,319.9753167
2016/5/19,321.9044338
2016/5/20,330.9625984
2016/5/23,332.5796764
2016/5/24,328.3718334
2016/5/25,328.814624
2016/5/26,331.733503
2016/5/27,329.0662555
2016/5/30,326.1417539
2016/5/31,342.0877602
2016/6/1,342.7540931
2016/6/2,345.8339905
2016/6/3,355.4807119
2016/6/6,356.4822742
2016/6/7,356.5533685
2016/6/8,354.460993
2016/6/13,336.7671188
2016/6/14,337.6934324
2016/6/15,349.3057607
2016/6/16,347.4006074
2016/6/17,349.4730786
2016/6/20,352.5668585
2016/6/21,348.0481547
2016/6/22,360.6099592
2016/6/23,362.3798387
2016/6/24,357.8106099
2016/6/27,370.0795327
2016/6/28,374.4953203
2016/6/29,371.8109866
2016/6/30,374.6765072
2016/7/1,377.0286704
2016/7/4,380.6876597
2016/7/5,380.4563979
2016/7/6,381.7815773
2016/7/7,379.9900643
2016/7/8,380.9607486
2016/7/11,382.5373135
2016/7/12,391.2047605
2016/7/13,391.1571589
2016/7/14,390.183686
2016/7/15,391.3998963
2016/7/18,389.1079167
2016/7/19,389.3166463
2016/7/20,389.1150636
2016/7/21,389.8060446
2016/7/22,387.4768861
2016/7/25,388.0677858
2016/7/26,393.1102415
2016/7/27,379.3594195
2016/7/28,379.7348588
2016/7/29,378.3829245
2016/8/1,369.1585774
2016/8/2,374.6788918
2016/8/3,375.3893857
2016/8/4,377.1072552
2016/8/5,376.2943311
2016/8/8,381.2202175
2016/8/9,386.8293835
2016/8/10,384.8541008
2016/8/11,379.2194264
2016/8/12,381.6563819
2016/8/15,392.0216717
2016/8/16,393.9717955
2016/8/17,393.4868629
2016/8/18,392.5568824
2016/8/19,396.1469502
2016/8/22,391.6256025
2016/8/23,394.7402791
2016/8/24,394.795198
2016/8/25,391.5667444
2016/8/26,394.3247904
2016/8/29,394.4231172
2016/8/30,394.100978
2016/8/31,393.8579523
2016/9/1,392.9778768
2016/9/2,390.7852427
2016/9/5,391.1431638
2016/9/6,396.8453816
2016/9/7,396.5458687
2016/9/8,396.556426
2016/9/9,394.6853682
2016/9/12,383.3182918
2016/9/13,384.9658694
2016/9/14,383.5391747
2016/9/19,389.9753712
2016/9/20,389.7449312
2016/9/21,391.7213744
2016/9/22,392.8262603
2016/9/23,392.8453529
2016/9/26,384.0559516
2016/9/27,386.8421065
2016/9/28,386.1760884
2016/9/29,387.1998827
2016/9/30,390.3031691
2016/10/10,400.477482
2016/10/11,401.7501422
2016/10/12,400.4898899
2016/10/13,399.5723711
2016/10/14,399.300611
2016/10/17,395.4560928
2016/10/18,401.7044396
2016/10/19,399.7590417
2016/10/20,398.7234754
2016/10/21,396.4850292
2016/10/24,398.3795636
2016/10/25,400.1453953
2016/10/26,401.0010962
2016/10/27,400.3870653
2016/10/28,399.4506999
2016/10/31,398.592806
2016/11/1,402.9892275
2016/11/2,401.798903
2016/11/3,402.471921
2016/11/4,404.1343496
2016/11/7,405.4052606
2016/11/8,407.8874577
2016/11/9,402.1058321
2016/11/10,405.4389083
2016/11/11,405.1137142
2016/11/14,407.7652966
2016/11/15,410.9996637
2016/11/16,411.4176422
2016/11/17,412.736928
2016/11/18,409.4266382
2016/11/21,408.9392096
2016/11/22,411.4717151
2016/11/23,407.3397203
2016/11/24,403.678929
2016/11/25,406.9903501
2016/11/28,406.5310097
2016/11/29,403.9962184
2016/11/30,402.4067021
2016/12/1,401.3168446
2016/12/2,397.3189853
2016/12/5,395.1540842
2016/12/6,395.3276459
2016/12/7,399.1100705
2016/12/8,395.2204995
2016/12/9,395.1509808
2016/12/12,375.4826881
2016/12/13,379.0342583
2016/12/14,376.2345668
2016/12/15,379.4809276
2016/12/16,384.8849319
2016/12/19,385.2931319
2016/12/20,381.9845124
2016/12/21,385.629547
2016/12/22,384.5548367
2016/12/23,382.0199456
2016/12/26,385.2534482
2016/12/27,386.8910512
2016/12/28,384.5232541
2016/12/29,385.4425076
2016/12/30,384.6751038
2017/1/3,388.1477303
2017/1/4,392.7401014
2017/1/5,393.7905316
2017/1/6,391.1312112
2017/1/9,394.0480278
2017/1/10,391.6638288
2017/1/11,387.1100857
2017/1/12,384.4954194
2017/1/13,377.6999623
2017/1/16,363.1639343
2017/1/17,367.2399852
2017/1/18,363.8448022
2017/1/19,363.5587227
2017/1/20,369.8059696
2017/1/23,371.3245862
2017/1/24,368.9693527
2017/1/25,371.5864481
2017/1/26,372.9845912
2017/2/3,374.0410863
2017/2/6,377.2412686
2017/2/7,375.7494205
2017/2/8,376.9986928
2017/2/9,377.6973746
2017/2/10,375.677498
2017/2/13,377.9303552
2017/2/14,377.1159877
2017/2/15,371.6119405
2017/2/16,372.7846915
2017/2/17,371.2411101
2017/2/20,375.3820323
2017/2/21,380.7639782
2017/2/22,382.064639
2017/2/23,383.8866391
2017/2/24,386.4646172
2017/2/27,383.1122817
2017/2/28,384.8589045
2017/3/1,384.9796898
2017/3/2,382.1773077
2017/3/3,383.417067
2017/3/6,386.098392
2017/3/7,390.2695143
2017/3/8,387.3790482
2017/3/9,383.9974877
2017/3/10,384.9919575
2017/3/13,390.0050167
2017/3/14,389.3509814
2017/3/15,387.3097458
2017/3/16,392.4472289
2017/3/17,389.293649
2017/3/20,393.3393535
2017/3/21,395.3958077
2017/3/22,396.8600289
2017/3/23,395.4806552
2017/3/24,396.8456628
2017/3/27,393.6377592
2017/3/28,393.4930816
2017/3/29,391.5268939
2017/3/30,383.9087449
2017/3/31,386.2599193
2017/4/5,392.6213645
2017/4/6,390.9336161
2017/4/7,389.2937858
2017/4/10,388.6361975
2017/4/11,387.9450227
2017/4/12,385.6027197
2017/4/13,387.7216418
2017/4/14,384.6134333
2017/4/17,383.7004329
2017/4/18,385.5730716
2017/4/19,382.3552377
2017/4/20,386.6322309
2017/4/21,384.1229508
2017/4/24,378.3756973
2017/4/25,380.6166166
2017/4/26,378.9676671
2017/4/27,382.7685871
2017/4/28,381.5082246
2017/5/2,381.0413184
2017/5/3,379.6069639
2017/5/4,378.7794866
2017/5/5,373.981074
2017/5/8,372.2042605
2017/5/9,370.7364095
2017/5/10,370.9593182
2017/5/11,367.623107
2017/5/12,366.0095498
2017/5/15,368.847665
2017/5/16,378.7729573
2017/5/17,378.4825631
2017/5/18,379.6862837
2017/5/19,378.1802657
2017/5/22,377.3832664
2017/5/23,370.3616939
2017/5/24,370.4157112
2017/5/25,372.0857064
2017/5/26,372.7893345
2017/5/31,371.7515865
2017/6/1,364.7718508
2017/6/2,362.7159491
2017/6/5,365.6358032
2017/6/6,368.5418073
2017/6/7,377.2183958
2017/6/8,380.7168623
2017/6/9,380.767909
2017/6/12,377.0441177
2017/6/13,382.7352443
2017/6/14,378.1097274
2017/6/15,384.5858062
2017/6/16,382.9125534
2017/6/19,385.6776816
2017/6/20,382.5470944
2017/6/21,385.8341438
2017/6/22,379.7444958
2017/6/23,384.8150569
2017/6/26,392.7216619
2017/6/27,395.5893134
2017/6/28,392.6372226
2017/6/29,398.3991171
2017/6/30,399.2876666
2017/7/3,398.469413
2017/7/4,394.3245944
2017/7/5,396.1495078
2017/7/6,393.4412398
2017/7/7,391.5283218
2017/7/10,387.2194069
2017/7/11,384.8375134
2017/7/12,382.5157731
2017/7/13,382.4896447
2017/7/14,381.1613722
2017/7/17,360.5902094
2017/7/18,365.3885373
2017/7/19,370.1179471
2017/7/20,371.0451763
2017/7/21,371.4189778
2017/7/24,373.573235
2017/7/25,372.8038706
2017/7/26,371.0292372
2017/7/27,381.6180242
2017/7/28,383.617156
2017/7/31,388.99277
2017/8/1,387.009718
2017/8/2,384.3389113
2017/8/3,382.7370045
2017/8/4,379.2354788
2017/8/7,383.3688258
2017/8/8,389.5320693
2017/8/9,390.7864141
2017/8/10,391.2386935
2017/8/11,384.8427036
2017/8/14,394.7616317
2017/8/15,397.4452511
2017/8/16,400.4714277
2017/8/17,409.4104863
2017/8/18,407.9112453
2017/8/21,408.8468596
2017/8/22,406.8071238
2017/8/23,402.2300649
2017/8/24,397.244977
2017/8/25,402.2042421
2017/8/28,405.2786358
2017/8/29,399.2805574
2017/8/30,403.3678247
2017/8/31,403.9908674
2017/9/1,409.3965921
2017/9/4,414.0248309
2017/9/5,411.1645689
2017/9/6,411.9438543
2017/9/7,407.0713404
2017/9/8,408.8594653
2017/9/11,408.3634528
2017/9/12,407.243304
2017/9/13,409.4668189
2017/9/14,410.6981522
2017/9/15,407.7856545
2017/9/18,410.9954442
2017/9/19,409.7470856
2017/9/20,409.9422422
2017/9/21,406.2407521
2017/9/22,403.2496813
2017/9/25,402.2920117
2017/9/26,401.8191562
2017/9/27,403.4548628
2017/9/28,406.9817071
2017/9/29,405.8847958
2017/10/9,417.7703797
2017/10/10,425.211894
2017/10/11,422.771741
2017/10/12,424.6399291
2017/10/13,422.7144945
2017/10/16,415.2934726
2017/10/17,417.8957713
2017/10/18,416.4525318
2017/10/19,411.4405281
2017/10/20,413.4984567
2017/10/23,422.9068006
2017/10/24,421.0078854
2017/10/25,425.796373
2017/10/26,423.6960439
2017/10/27,422.8561736
2017/10/30,414.4951337
2017/10/31,417.9069253
2017/11/1,420.9207211
2017/11/2,421.2651231
2017/11/3,416.9319227
2017/11/6,430.905308
2017/11/7,435.8979595
2017/11/8,435.2931244
2017/11/9,440.9745308
2017/11/10,447.7867737
2017/11/13,448.573334
2017/11/14,442.1128982
2017/11/15,437.6130154
2017/11/16,443.2780388
2017/11/17,426.829438
2017/11/20,427.6328531
2017/11/21,428.1681829
2017/11/22,425.9077142
2017/11/23,409.1336197
2017/11/24,407.9280239
2017/11/27,403.9764997
2017/11/28,410.2289188
2017/11/29,404.275475
2017/11/30,400.7517154
2017/12/1,406.6398236
2017/12/4,403.9048151
2017/12/5,390.9216876
2017/12/6,395.7756336
2017/12/7,393.3518303
2017/12/8,397.5176315
2017/12/11,412.3933153
2017/12/12,407.7363481
2017/12/13,409.5386278
2017/12/14,407.9088834
2017/12/15,400.3466009
2017/12/18,395.0826452
2017/12/19,401.7343132
2017/12/20,399.8603872
2017/12/21,401.512832
2017/12/22,401.319858
2017/12/25,395.539962
2017/12/26,397.8344834
2017/12/27,392.6304568
2017/12/28,392.0583378
2017/12/29,394.5595422
2018/1/2,399.5105028
2018/1/3,403.8349671
2018/1/4,403.8913946
2018/1/5,403.765272
2018/1/8,401.2170353
2018/1/9,403.7725946
2018/1/10,404.8438512
2018/1/11,410.9401755
2018/1/12,406.9975693
2018/1/15,401.1552966
2018/1/16,403.0254973
2018/1/17,398.3855895
2018/1/18,398.7824497
2018/1/19,398.2928353
2018/1/22,405.8576096
2018/1/23,405.1173243
2018/1/24,409.4497043
2018/1/25,406.6971404
2018/1/26,408.6264671
2018/1/29,403.1536269
2018/1/30,404.3344179
2018/1/31,395.2975742
2018/2/1,379.0237485
2018/2/2,381.5669069
2018/2/5,377.8187046
2018/2/6,357.473621
2018/2/7,357.5929774
2018/2/8,363.1357084
2018/2/9,350.2616376
2018/2/12,362.7190584
2018/2/13,364.2205157
2018/2/14,365.2196729
2018/2/22,371.2201554
2018/2/23,370.1208053
2018/2/26,377.2851482
2018/2/27,377.4942263
2018/2/28,378.2378908
2018/3/1,390.529708
2018/3/2,384.5834552
2018/3/5,389.8550262
2018/3/6,395.3308916
2018/3/7,392.8727318
2018/3/8,400.1397817
2018/3/9,409.0966985
2018/3/12,414.3950201
2018/3/13,409.1321823
2018/3/14,403.1677658
2018/3/15,401.3718879
2018/3/16,401.1364323
2018/3/19,406.619372
2018/3/20,411.1991345
2018/3/21,404.0963169
2018/3/22,403.3325347
2018/3/23,381.0450804
2018/3/26,389.9240028
2018/3/27,403.8129514
2018/3/28,401.0234497
2018/3/29,401.832343
2018/3/30,410.941807
2018/4/2,413.0787145
2018/4/3,410.6125498
2018/4/4,405.4977155
2018/4/9,406.0416356
2018/4/10,407.8692795
2018/4/11,411.5576717
2018/4/12,411.0587511
2018/4/13,412.6104019
2018/4/16,422.8971857
2018/4/17,407.6474701
2018/4/18,418.8821626
2018/4/19,416.1841579
2018/4/20,409.1862345
2018/4/23,405.4858048
2018/4/24,421.5494275
2018/4/25,426.7705699
2018/4/26,419.8059242
2018/4/27,419.3619165
2018/5/2,419.6564673
2018/5/3,423.7328284
2018/5/4,421.261981
2018/5/7,429.6754369
2018/5/8,429.186419
2018/5/9,429.2595681
2018/5/10,430.3054707
2018/5/11,420.8527459
2018/5/14,423.1953942
2018/5/15,427.9810557
2018/5/16,427.0689318
2018/5/17,426.0021744
2018/5/18,425.70683
2018/5/21,431.6771203
2018/5/22,434.9257388
2018/5/23,433.1708129
2018/5/24,434.0673751
2018/5/25,426.3672281
2018/5/28,418.7705581
2018/5/29,414.1073894
2018/5/30,399.6499305
2018/5/31,408.9562277
2018/6/1,404.8506167
2018/6/4,405.421782
2018/6/5,416.1489714
2018/6/6,416.6129457
2018/6/7,412.2736271
2018/6/8,407.1708269
2018/6/11,401.5529523
2018/6/12,406.7190763
2018/6/13,399.5804114
2018/6/14,396.7649352
2018/6/15,385.5162819
2018/6/19,360.6576078
2018/6/20,368.3330727
2018/6/21,364.7930292
2018/6/22,371.0889034
2018/6/25,368.542235
2018/6/26,376.8622426
2018/6/27,373.959948
2018/6/28,369.0134608
2018/6/29,386.3360037
2018/7/2,381.3886538
2018/7/3,384.1172057
2018/7/4,371.9145803
2018/7/5,365.83065
2018/7/6,366.6264256
2018/7/9,380.5808489
2018/7/10,383.7879865
2018/7/11,378.6845343
2018/7/12,389.7984552
2018/7/13,392.4134783
2018/7/16,394.1207048
2018/7/17,390.4288309
2018/7/18,389.0065635
2018/7/19,387.342435
2018/7/20,392.0110066
2018/7/23,386.5951729
2018/7/24,390.110826
2018/7/25,393.0102826
2018/7/26,387.140865
2018/7/27,382.2282579
2018/7/30,374.7476099
2018/7/31,374.714496
2018/8/1,366.4218509
2018/8/2,359.3712958
2018/8/3,352.3912409
2018/8/6,342.2608626
2018/8/7,354.1540749
2018/8/8,346.8157805
2018/8/9,360.4808372
2018/8/10,364.3612244
2018/8/13,371.9207375
2018/8/14,367.7862036
2018/8/15,356.4025081
2018/8/16,356.1109316
2018/8/17,346.2670419
2018/8/20,350.2449948
2018/8/21,356.1086589
2018/8/22,353.7608531
2018/8/23,359.4406377
2018/8/24,359.7947273
2018/8/27,369.4148642
2018/8/28,370.2533114
2018/8/29,368.9913976
2018/8/30,361.5655299
2018/8/31,357.5715533
2018/9/3,360.4668615
2018/9/4,364.8105391
2018/9/5,358.4785302
2018/9/6,359.7474844
2018/9/7,357.6602238
2018/9/10,348.8799722
2018/9/11,349.9522383
2018/9/12,345.622591
2018/9/13,346.6278983
2018/9/14,341.5681872
2018/9/17,336.4576612
2018/9/18,345.3429883
2018/9/19,349.9557539
2018/9/20,348.3727141
2018/9/21,354.8186995
2018/9/25,353.8618581
2018/9/26,357.7957107
2018/9/27,354.0902291
2018/9/28,357.4831827
2018/10/8,340.0281098
2018/10/9,339.5408997
2018/10/10,337.2478306
2018/10/11,312.4749019
2018/10/12,308.1116303
2018/10/15,303.965539
2018/10/16,292.3599012
2018/10/17,300.3445259
2018/10/18,294.6680996
2018/10/19,307.7567441
2018/10/22,324.9357118
2018/10/23,319.2541702
2018/10/24,317.8069931
2018/10/25,315.2778731
2018/10/26,311.1485601
2018/10/29,303.0289987
2018/10/30,307.7787032
2018/10/31,315.1985097
2018/11/1,319.4964752
2018/11/2,332.1532822
2018/11/5,330.365476
2018/11/6,329.1408764
2018/11/7,327.7085628
2018/11/8,323.7425927
2018/11/9,322.3930196
2018/11/12,334.6982429
2018/11/13,343.7154864
2018/11/14,340.5410914
2018/11/15,345.0770745
2018/11/16,344.6863576
2018/11/19,346.5068409
2018/11/20,337.0216652
2018/11/21,339.5207215
2018/11/22,342.119918
2018/11/23,331.3006388
2018/11/26,330.0048111
2018/11/27,329.6817293
2018/11/28,334.2683156
2018/11/29,326.4940163
2018/11/30,331.948178
2018/12/3,343.0518435
2018/12/4,343.5732271
2018/12/5,344.6072639
2018/12/6,332.5575393
2018/12/7,327.5178191
2018/12/10,322.6100311
2018/12/11,325.5991602
2018/12/12,323.6228517
2018/12/13,327.6760526
2018/12/14,319.5055057
2018/12/17,317.0119516
2018/12/18,315.224917
2018/12/19,308.3508033
2018/12/20,310.392701
2018/12/21,308.9074278
2018/12/24,315.0814151
2018/12/25,315.5801663
2018/12/26,312.8238507
2018/12/27,309.3543342
2018/12/28,308.9587971
